sub,0
SpoiledDragRace,125
popheads,97
rupaulsdragrace,76
thebachelor,37
memes,32
queensofleague,29
EDanonymemes,28
teenagers,25
ApplyingToCollege,25
popheadscirclejerk,25
BigBrother,24
rpdrcringe,17
AskReddit,17
RoyaleHigh_Roblox,14
RoyaleHighTrading,10
Minecraft,9
BravoRealHousewives,9
TaylorSwift,8
kpoprants,8
Genshin_Impact,7
interestingasfuck,7
RPDRDRAMA,7
unpopularopinion,7
GachaLifeCringe,6
QuestBridge,6
Choices,6
danganronpa,6
nextfuckinglevel,6
lanadelrey,5
kpopthoughts,5
kpop,5
dankmemes,5
gonewildaudio,5
egg_irl,5
Cringetopia,5
AreTheStraightsOK,5
survivor,5
wallstreetbets,5
EDAnonymous,5
AnimalCrossing,5
popping,5
FireEmblemHeroes,5
ftm,4
obeyme,4
politics,4
h3h3productions,4
oddlysatisfying,4
BlackPeopleTwitter,4
yaoi,4
PewdiepieSubmissions,4
PublicFreakout,4
CallHerDaddy,4
aww,4
bangtan,4
Sims4,4
unpopularkpopopinions,4
mildlyinteresting,4
relationship_advice,4
cursedcomments,4
LoveIslandUSA,4
tumblr,4
BeautyGuruChatter,4
IdentityV,3
Cornell,3
news,3
Instagramreality,3
mbti,3
peachykeenocean,3
jacksepticeye,3
FundieSnark,3
greysanatomy,3
lgbt,3
Depop,3
lawschooladmissions,3
nfl,3
ksi,3
harrypotter,3
niceguys,3
neoliberal,3
FemaleDatingStrategy,3
pics,3
traaaaaaannnnnnnnnns,3
ACT,3
196,3
AmItheAsshole,3
TheOwlHouse,3
coolguides,3
WANDAVISION,3
TheMaskedSinger,3
AdoptMeTrading,3
WastedGachaTalent,3
Wellthatsucks,3
doordash_drivers,3
AyeshaErotica,3
TeenMomOGandTeenMom2,3
ANTM,3
titanfolk,3
TwoXChromosomes,3
Bloxburg,3
teenagersnew,3
RPDR_UK,3
ABCDesis,3
askgaybros,3
BollyBlindsNGossip,3
90DayFiance,3
GamingLeaksAndRumours,2
cursedimages,2
ariheads,2
apexlegends,2
WTF,2
movies,2
Gunners,2
adhdmeme,2
bodybuilding,2
Gamingcirclejerk,2
pcmusic,2
blogsnark,2
codyko,2
WinStupidPrizes,2
WingsOfFire,2
KatarinaMains,2
boxoffice,2
aaaaaaacccccccce,2
GachaClub,2
lululemon,2
LOONA,2
itookapicture,2
gaybroscirclejerk,2
PostMalone,2
RedditSessions,2
PoliticalCompassMemes,2
gaming,2
halsey,2
hamsters,2
fuseboxgames,2
funny,2
Nowhere_eternity,2
MurderedByWords,2
MtvChallenge,2
Showerthoughts,2
jjdandfamily,2
dancingwiththestars,2
jordan,2
SuicideWatch,2
dreamsmp,2
MarvelStudiosSpoilers,2
distantsocializing,2
languagelearning,2
depression_memes,2
TheLastAirbender,2
ManHands,2
MadeOfStyrofoam,2
glee,2
TheVampireDiaries,2
dataisbeautiful,2
1200isplenty,2
me_irlgbt,2
shiftingrealities,2
EDH,2
Dragula,2
Documentaries,2
seventeen,2
AmericanHorrorStory,2
AmongUs,2
DavidDobrik,2
DannyGonzalez,2
vanderpumprules,2
Cross_Trading_Roblox,2
Cricket,2
AskFeminists,2
twice,2
BABYMETAL,2
BPDmemes,2
trees,2
soccer,2
softwaregore,2
southafrica,2
starbucks,2
starbucksbaristas,2
superstarsmtown,2
FundieFashion,2
tennis,2
Boruto,2
BlackPink,2
DuggarsSnark,2
Bitcoin,2
6thForm,2
FLMedicalTrees,2
2007scape,2
23andme,2
woooosh,2
dubai,1
emetophobia,1
transvoice,1
elderscrollsonline,1
bisexual,1
trashy,1
bizarrelife,1
youngpeoplehatespeech,1
eczema,1
yiff,1
blackladies,1
euphoria,1
dragonvale,1
blackopscoldwar,1
dragonage,1
blndsundoll4mj,1
twicememes,1
detroitlions,1
u_EPICSEVEN_Official,1
demonssouls,1
ems,1
canadaguns,1
birthday,1
todayilearned,1
thisisus,1
tipofmytongue,1
forestapp,1
forbiddensnacks,1
fivenightsatfreddys,1
fireemblem,1
belowdeck,1
bindingofisaac,1
fightporn,1
bipolar,1
deadbydaylight,1
feemagers,1
traderjoes,1
fantasyfootball,1
extomatos,1
exmuslim,1
exmormon,1
exjw,1
trans,1
europe,1
birdswitharms,1
u_This_Guy_Eli,1
u_ProfessorCal_,1
canucks,1
cremposting,1
visitorgettherocket,1
conspiracy,1
wallstreetbetsOGs,1
walmart,1
confessions,1
confession,1
waterparksband,1
comedyhomicide,1
collegeresults,1
weed,1
wholesomememes,1
wildrift,1
winterporn,1
wlu,1
charmed,1
chanceme,1
bts7,1
cfs,1
carolinecallowaysnark,1
buffy,1
criminalminds,1
cringe,1
worldnews,1
utdallas,1
datingoverthirty,1
u_ZeroOmega2100,1
xcxheads,1
dating_advice,1
u_nataliekensington,1
darksouls,1
darkestdungeon,1
unOrdinary,1
dankmemer,1
blogsnarkmetasnark,1
crochet,1
cyberpunkgame,1
the1975,1
vegan,1
blunderyears,1
blursedimages,1
cute,1
vegancirclejerk,1
ww3,1
borderlands3,1
piercing,1
gaymers,1
gachagaming,1
miley,1
mildlyinfuriating,1
migraine,1
midriff,1
megalophobia,1
replika,1
medizzy,1
baseball,1
me_irl,1
sbeve,1
masseffect,1
marvelstudios,1
mapporncirclejerk,1
scarystories,1
luciomains,1
lostgeneration,1
lorde,1
longboarding,1
london,1
seethedusk,1
lolgrindr,1
serialkillers,1
lfg,1
legogaming,1
relationships,1
redscarepod,1
gamingsuggestions,1
minnesota,1
pillowtalkaudio,1
playrust,1
playstation,1
oldpeoplefacebook,1
pointlesslygendered,1
offmychest,1
pokemon,1
polls,1
nyc,1
nosleep,1
noelmiller,1
premed,1
puffco,1
puppy101,1
newzealand,1
pussypassdenied,1
rant,1
narcissism,1
mysticmessenger,1
muacjdiscussion,1
moviescirclejerk,1
rareinsults,1
mnetiland,1
leagueoflegends,1
sex,1
shameless,1
shesgonnacum,1
hanakokun,1
halo,1
gtaonline,1
gtaglitches,1
space,1
grindr,1
greysweatpants,1
grandorder,1
starterpacks,1
stevenuniverse,1
stonks,1
golf,1
straykids,1
glassheads,1
suicidebywords,1
glasgow,1
television,1
ghostoftsushima,1
gay_irl,1
gay,1
texas,1
gatekeeping,1
gatech,1
socalgonewild,1
hentai,1
smiledirectclub,1
insects,1
shortscarystories,1
sims2,1
khiphop,1
katawashoujo,1
justneckbeardthings,1
singapore,1
sixers,1
skam,1
skeppy,1
islam,1
skyrim,1
hiphopheads,1
smashbros,1
insaneparents,1
insane,1
indieheadscirclejerk,1
indianpeoplefacebook,1
im14andthisisdeep,1
iOSthemes,1
howyoudoin,1
houseplants,1
hockey,1
beatles,1
UNBGBBIIVCHIDCTIICBG,1
barstoolsports,1
Damnthatsinteresting,1
FeetToesAndSocks,1
FemBoys,1
FireEmblemThreeHouses,1
FortNiteBR,1
FortniteFashion,1
FortniteSavetheWorld,1
FortniteSwitchSkins,1
ForwardsFromKlandma,1
FragileMaleRedditor,1
FreeCompliments,1
French,1
Frenemies,1
Ftb_poly_of,1
FundieSnarkUncensored,1
GME,1
EvelynnMains,1
EtikaRedditNetwork,1
Episode,1
Dirtbikes,1
DanganronpaMemes,1
DeFranco,1
DeepFuckingValue,1
DestinyChildGlobal,1
DigitalArt,1
DigitalPainting,1
DokkanBattleCommunity,1
EngagementRings,1
DragRaceHolland,1
DragRace_Canada,1
Dublin,1
ENFP,1
EarthPorn,1
EliteNetflix,1
GachaClubCringe,1
GaySnapchatImages,1
GenderCritical,1
KDRAMA,1
IncelTear,1
InfluencersGoneWrong,1
InfowarriorRides,1
Interstitialcystitis,1
JKRowling,1
Janna,1
LawSchool,1
INTP,1
LeavingNeverlandHBO,1
LegaciesCW,1
LifeProTips,1
LightsCameraPodcast,1
LoveForAnimesexuals,1
LoveIslandTV,1
IRLEasterEggs,1
HunterXHunter,1
GeorgeNotFound,1
GooglePixel,1
GetMotivated,1
Ghosts,1
GilmoreGirls,1
GirlsFinishingTheJob,1
GlobalOffensive,1
GoCommitDie,1
GossipGirl,1
HolUp,1
GrandCherokee,1
GrandTheftAutoV,1
GuardianTales,1
HadesTheGame,1
Handwriting,1
HildaTheSeries,1
DanMachi,1
DCcomics,1
baltimore,1
DC_Cinematic,1
AnimalCrossingNewHor,1
AnimalsBeingDerps,1
Animemes,1
ApexOutlands,1
AppleWatch,1
Aquariums,1
AraAra,1
AreYouTheOne,1
Art,1
AsABlackMan,1
AskGaybrosOver30,1
AskMen,1
AskTeenGirls,1
AusSkincare,1
Bad_Cop_No_Donut,1
AmongUsMemes,1
AliceInChains,1
Afghan,1
AFL,1
2meirl4meirl,1
3Dprinting,1
4Runner,1
90dayfianceuncensored,1
ABoringDystopia,1
ADHD,1
AJR,1
Aespa,1
APStudents,1
ATLA,1
Achievement_Hunter,1
Acid,1
ActuallyStephen,1
AdoptMeTradingRoblox,1
Baking,1
BattlefieldCosmetics,1
BeAmazed,1
ComedyHitmen,1
CasualUK,1
ChoosingBeggars,1
ClashOfClans,1
ClashRoyale,1
Colts,1
ComedyCemetery,1
CoolCollections,1
CPTSDmemes,1
CozyPlaces,1
CrappyDesign,1
CrashLandingOnYou,1
Crunchyroll,1
Crushes,1
CultureImpact,1
CallMeCarson,1
CFB,1
BeautyCommunity,1
BisexualTeens,1
Behzinga,1
Berleezy,1
BetterEveryLoop,1
BeverlyHills90210,1
BiCuriousGuysChat,1
BikiniBottomTwitter,1
BleachBraveSouls,1
BungouStrayDogs,1
BostonBruins,1
Brawlhalla,1
Breadit,1
BritneySpears,1
Broadway,1
Bumble,1
LoveNikki,1
LuLaNo,1
MCAT2,1
MMA,1
TheBachelor_POC,1
TheGamerLounge,1
TheLastOfUs2,1
TheSilphRoad,1
TikTokCringe,1
Tinder,1
TitansTV,1
Tongue_Fetish,1
Toontown,1
TotalDramafanon,1
Totaldrama,1
TrueCrime,1
TwoSentenceSadness,1
UCSD,1
UCSantaBarbara,1
TheArtistStudio,1
TheArcana,1
The10thDentist,1
StardewValley,1
SkincareAddicts,1
Soulnexus,1
Spanish,1
SpidermanPS4,1
SquaredCircle,1
StarWarsSquadrons,1
SuddenlyGay,1
Terraria,1
SwitchPirates,1
TIHI,1
TallTeenagers,1
Target,1
TattooDesigns,1
Teamstee,1
UCalgary,1
UnethicalLifeProTips,1
UnexpectedJoJo,1
arcticmonkeys,1
adventofcode,1
amiugly,1
animememes,1
antiMLM,1
ape,1
apolloapp,1
aromantic,1
ZoroIsLost,1
asktrp,1
aspergers,1
astralchain,1
attackontitan,1
australia,1
badwomensanatomy,1
adhdwomen,1
ZeroWaste,1
Velo,1
Webkinz,1
VetTech,1
VinylReleases,1
VoluntaristMemes,1
WWII,1
WallStreetbetsELITE,1
WeHateKpop,1
Wellworn,1
Zerkaa,1
Wizard101,1
XXXTENTACION,1
YOI,1
Yagamiyato,1
YouBelongWithMemes,1
Yubo,1
SkincareAddiction,1
Sidemen,1
ShittyRestrictionFood,1
Mushrooms,1
MinecraftCommands,1
MkeBucks,1
Monitors,1
Monstercat,1
MouseReview,1
MrLove,1
MySingingMonsters,1
Michigan,1
NameNerdCirclejerk,1
Naruto,1
NatureIsFuckingLit,1
Negareddit,1
NewPhilly,1
NewSkaters,1
MinecraftChampionship,1
Miami,1
NonBinary,1
MariahCarey,1
MaddenUltimateTeam,1
MadeMeSmile,1
Mahouka,1
MaladaptiveDreaming,1
MandJTV,1
Maplestory,1
MarioKartTour,1
Mexicana,1
MarriedAtFirstSight,1
MarvelStudiosPlus,1
MatthiasSubmissions,1
MechanicalKeyboards,1
MemoryDefrag,1
Men2Men,1
NoahGetTheBoat,1
OnlineDating,1
ShitPostCrusaders,1
SandersForPresident,1
RedDeadOnline,1
RemarkableTablet,1
Residency,1
RoyaleHigh_Glitches,1
Ruleshorror,1
SGExams,1
Satisfyingasfuck,1
Rainbow6,1
SavageGarden,1
Scary,1
SexWorkers,1
Shamanism,1
ShaneDawson,1
ShinyPokemon,1
RandomActsOfPetFood,1
R34danganronpa,1
OtomeIsekai,1
Pennsylvania,1
OutOfTheLoop,1
Overwatch,1
PCOS,1
PERSoNA,1
PS5,1
PenmanshipPorn,1
Philippines,1
Quebec,1
Poetry,1
PornhubComments,1
PostHardcore,1
PurplePillDebate,1
Pyrography,1
QuackityHQ,1
zoloft,1
